{"main":"uhub-sapi.raml","name":"uhub-sapi","classifier":"raml","tags":[],"dependencies":[{"groupId":"50777392-e2db-447b-b2d0-6e143bfa79ca","assetId":"client-id-required","version":"1.0.0"},{"groupId":"50777392-e2db-447b-b2d0-6e143bfa79ca","assetId":"transaction-id-header","version":"1.0.0"},{"groupId":"50777392-e2db-447b-b2d0-6e143bfa79ca","assetId":"correlation-id-header","version":"1.0.0"},{"groupId":"50777392-e2db-447b-b2d0-6e143bfa79ca","assetId":"resource-types","version":"1.0.0"},{"groupId":"50777392-e2db-447b-b2d0-6e143bfa79ca","assetId":"common-data-type","version":"1.0.2"}]}